timestamp,ts_code,llm_provider,llm_model,analysis_content,file_date,file_time
2025-08-05T23:09:51.234293,300328.SZ,Gemini,gemini-2.5-pro,"好的，作为一名经验丰富的A股量化分析师，我将为您呈现一份关于 **300328.SZ (宜安科技)** 的深度综合分析报告。

---

## 股票代码：300328.SZ 深度量化分析报告

### 1. 核心观点与投资评级 (Executive Summary & Rating)
* **综合评级**: **中性**
* **核心逻辑**: 股价虽处于长期均线多头排列的上升趋势中，但短期动能指标（MACD、KDJ）已现衰竭信号并形成死叉，资金面呈现近5日净流出状态。当前布林带（BOLL）通道极度收窄，预示着市场即将发生方向性突破，然而多空信号的矛盾使得突破方向存在高度不确定性。结合其无法被当前盈利能力支撑的超高估值，现阶段入场面临的风险与潜在收益不成正比，建议投资者保持观望。

### 2. 基本面简述 (Fundamental Snapshot)
* **公司画像**: 宜安科技（300328.SZ）是一家专注于轻合金材料（镁、铝合金等）的国家级高新技术企业，业务覆盖消费电子、汽车配件、医疗器械等多个领域。公司在液态金属、医用镁合金等前沿材料上布局深入，并拥有多个国家级和省级科研平台，显示出较强的研发实力和技术壁垒。

* **财务概览**:
    * **估值水平**: 截至最新交易日(2025-08-05)，公司市盈率(PE)高达 **7958倍**，市净率(PB)为 **7.37倍**。PE数值已因盈利微薄或亏损而失真，但PB和PS（市销率）均处于历史高位，表明估值极其昂贵，远远脱离了其基本面支撑。
    * **盈利能力**: `income`数据显示，公司盈利能力持续疲软。2024年归母净利润同比大幅下滑，而根据最新财报（2025年第一季度），公司已录得 **-610万** 的亏损。这种基本面与市值的巨大背离是当前投资该股的核心风险。

### 3. 技术面深度剖析 (In-depth Technical Analysis)
* **主趋势判断 (Primary Trend Analysis)**:
    - **移动平均线 (MA/EMA)**: 截至2025-08-05，收盘价11.59元，位于所有关键均线（MA5/10/20/60/250）之上。短期、中期、长期均线呈现典型的 **多头排列**，表明中长期上升趋势的框架依然完整。
    - **MACD**: DIF值为0.071，DEA值为0.080。快线（DIF）已下穿慢线（DEA），MACD柱状图为负值（-0.0098），形成 **死叉** 信号。这明确揭示了短期上涨动能已经衰竭，市场进入调整或盘整阶段。
    - **DMI**: PDI(17.29) 高于 MDI(13.35)，显示多方力量仍略占优势。但ADX为23.72，低于25的强趋势分界线，表明当前趋势强度较弱，市场缺乏明确的单边驱动力。
    - **结论**: 股票处于 **“长期看涨，短期走弱”** 的矛盾状态。上升趋势的惯性仍在，但上涨的内在动能已出现显著减弱。

* **动能与超买超卖 (Momentum & Overbought/Oversold)**:
    - **RSI**: 14日RSI为56.67，处于50中轴上方的常态区域，未进入超买（>70）或超卖（<30）区间。表明市场动能均衡，多空双方暂时均无绝对优势。
    - **KDJ**: K值(46.99)下穿D值(47.17)，同样形成 **死叉**，与MACD信号相互验证，确认了短期回调或盘整的压力。J值46.62，处于中位，无钝化迹象。
    - **WR (威廉指标)**: 14日WR为44.12，处于中高位区域，同样显示市场既非极端超买也非极端超卖，处于相对平衡状态。
    - **结论**: 动能指标普遍指向市场从前期上涨中降温，进入中性偏弱的整理格局。

* **量价关系与资金行为 (Volume-Price & Capital Behavior)**:
    - **成交量**: 近期量比（Volume Ratio）多日低于1（如0.76, 0.72, 0.84），显示在近期价格反弹中小，成交量并未有效放大，属于 **缩量反弹**，上涨的健康度存疑。
    - **OBV (能量潮)**: 近两个交易日OBV随价格小幅回升，表明价量关系在日线级别上并未出现背离。但若拉长周期看，并未形成突破性的上攻形态。
    - **MFI (资金流量指标)**: MFI为55.98，位于中性区域，表明近期资金博弈激烈，但无大规模资金持续流入或流出的明确信号。
    - **结论**: 量价关系显示当前上涨动力不足，市场信心和参与度不高。

* **波动性与潜在突破 (Volatility & Potential Breakouts)**:
    - **BOLL (布林带)**: `bb_width` 指标值仅为0.0699，这是一个极低的数值。布林带上、中、下轨正在急剧收窄，形成 **“挤压”** 形态。这是市场波动率降至冰点的信号，通常预示着 **即将发生方向性的剧烈变盘**。当前股价(11.59)位于中轨(11.41)和上轨(11.80)之间，位置相对偏强，但并未突破上轨。
    - **ATR (真实波动范围)**: ATR数值持续在低位徘徊，验证了近期市场波动性收缩的判断。
    - **结论**: 波动率指标是当前所有技术信号中最重要的一个，它强烈暗示现有盘整格局难以维系，大级别行情一触即发。

* **市场情绪评估 (Market Sentiment Assessment)**:
    - **PSY (心理线)**: PSY指标值为50，精确地反映了过去12个交易日中上涨和下跌天数各占一半，市场情绪处于 **绝对中立和犹豫不决** 的状态。
    - **BRAR**: AR为135.9，BR为106.0，均处于人气指标的常态区间，市场情绪不狂热也不悲观。
    - **结论**: 市场情绪指标与波动率指标高度一致，均指向市场处在方向选择前的“宁静”状态。

* **信号共振与背离 (Signal Resonance & Divergence)**:
    - **共振信号**:
        - **短期疲软共振**: MACD死叉、KDJ死叉、缩量反弹，三者共同指向短期动能衰竭。
        - **中期观望共振**: RSI/WR/PSY/BRAR等多个指标均处在中性区域，共同指向市场缺乏明确方向，情绪谨慎。
    - **背离信号 (核心矛盾)**:
        - **长期趋势 vs. 短期动能**: 长期MA多头排列（看涨）与短期MACD/KDJ死叉（看跌）形成鲜明背离。
        - **价格 vs. 基本面**: 股价处于历史高位区域（技术强势）与公司盈利能力恶化甚至亏损（基本面弱势）形成根本性背离。

### 4. 资金面分析 (Capital Flow Analysis)
* **主力资金动向**: 根据`technical_indicators`数据，近5日的移动平均净流入额（`net_mf_amount_ma_5`）为 **-2398.96万元**，表明过去一周整体上资金呈净流出态势。虽然最近两个交易日有少量资金回流，但力度微弱，未能扭转整体流出趋势。
* **多空力量对比**: 结合`moneyflows`明细，近期大单和超大单的博弈非常激烈，但并未形成持续、合力的买入行为。空方在7月底的抛压显著，多方近期的反击则显得犹豫。目前，空方力量虽有所减弱，但多方也未能占据主导地位。

### 5. 综合结论与操作策略 (Conclusion & Strategy)
* **结论总结**:
    宜安科技（300328.SZ）目前处在一个复杂且关键的十字路口。**基本面上**，其高昂的估值与疲软的盈利能力之间存在巨大鸿沟，构成了投资的长期核心风险。**技术面上**，呈现出典型的多空交织形态：一方面，以移动平均线为代表的长期趋势结构保持完好，为股价提供了支撑；另一方面，以MACD为代表的短期动能指标发出衰竭信号，资金面亦不支持强势上攻。最关键的信号是 **布林带的极端收窄**，它预示着积蓄的能量即将释放，但当前信息无法明确指引其向上或向下突破。

* **操作建议**:
    基于上述分析，给予 **“中性”** 评级。当前最佳策略是 **持币观望**，等待市场给出明确的方向性信号。
    - **转为看多(增持)的信号**: 股价 **放量** 突破并站稳布林带上轨（约 **11.80元**）及前期高点（约 **12.00元**）。只有伴随显著成交量（如量比>1.5）的突破，才能确认为有效突破，届时可考虑少量介入，止损位设于MA20均线（约11.40元）下方。
    - **转为看空(减持)的信号**: 股价 **放量** 跌破布林带中轨（约 **11.40元**），并进一步跌破MA60（约 **11.20元**）。一旦跌破该区域，意味着短期头部形成，上升趋势受到破坏，应考虑减仓或离场。反弹至11.50元附近将是阻力区。

* **风险提示**:
    1.  **基本面风险**: 这是最大的风险。公司估值严重泡沫化，一旦市场风险偏好下降或公司财报持续不及预期，可能引发戴维斯双杀，导致股价大幅回调。
    2.  **技术破位风险**: 鉴于布林带收窄，若选择向下突破，其下跌过程可能迅速且猛烈。
    3.  **主题炒作退潮风险**: 公司涉及的“液态金属”等概念可能受市场情绪驱动，一旦热点退潮，股价将失去重要支撑。
    4.  **大盘系统性风险**: 若A股市场整体走弱，该股也难以独善其身。

---
**免责声明**: 本报告完全基于提供的历史数据生成，是对过去市场信息的解读，不构成任何未来投资的承诺或建议。投资者应独立决策，风险自担。",20250805,230951
